neighbourhood_group,avg_minimum_nights,avg_availability_365
Bronx,14.95232310962648,182.64308128353073
Brooklyn,14.953506776140074,183.24888713027994
Manhattan,14.850695144066089,181.55510779770302
Queens,14.947749355542335,183.031330557208
