neighbourhood_group,avg_rating,total_reviews
Bronx,3.9998269055572404,9879
Brooklyn,4.001023840142444,10109
Manhattan,4.001738867620381,9926
Queens,4.011142177275435,10086
